etadB,keyRatePS
-0,0.214041548079394
2,0.0982880811817227
4,0.0252169943426515
6,0.0107400326128157
8,0.00379817826467075
10,-0.000139373219377231
12,-0.000122599857761328
14,-0.000110905930322362
16,0
18,0
20,0
22,0
24,0
26,0
28,0
30,0
32,0
34,0
36,0
38,0
40,0
42,0
44,0
46,0
48,0
50,0
