logRenyiAlpha,probTest,decoy_1
-3.875,0.0373046875,0.975
-3.625,0.0568359375,0.85
-3.9375,0.06806640625,0.85
-3.875,0.07197265625,0.85
-3.75,0.0802734375,0.85
-3.5,0.096875,0.7875
-3,0.174658203125,0.803125
-2.5,0.233837890625,0.3
-2.5,0.225714111328125,0.30859375
-2.5,0.2408203125,0.334375
-2.5,0.2314208984375,0.4375
-2.225,0.235986328125,0.3
0,0,0
0,0,0
0,0,0
0,0,0
0,0,0
0,0,0
0,0,0
0,0,0
0,0,0
0,0,0
0,0,0
0,0,0
0,0,0
0,0,0
