logRenyiAlpha,probTest,decoy_1
-3.875,0.0373046875,0.975
-3.625,0.0568359375,0.85
-3.9375,0.06806640625,0.85
-3.875,0.07197265625,0.85
-3.75,0.0802734375,0.85
-3,0.166845703125,0.803125
-2.5,0.210400390625,0.378125
-2.5,0.198370361328125,0.37890625
-2.5,0.2330078125,0.615625
-2.5,0.2314208984375,0.5859375
-2.225,0.310205078125,0.7375
-2.225,0.235986328125,0.3
0,0,0
0,0,0
0,0,0
0,0,0
0,0,0
0,0,0
0,0,0
0,0,0
0,0,0
0,0,0
0,0,0
0,0,0
0,0,0
0,0,0
