logRenyiAlpha,probTest,decoy_1
-4.25,0.0294921875,0.975
-4.25,0.0353515625,0.975
-4.25,0.036328125,0.9125
-4,0.04853515625,0.865625
-3.9921875,0.04609375,0.85
-3.875,0.04755859375,0.85
-3.875,0.048046875,0.7875
-3.5,0.07392578125,0.803125
-3.5,0.071484375,0.85
-3.5,0.067578125,0.85
-2.96875,0.1126953125,0.72734375
-3,0.109765625,0.73125
-2.625,0.1537109375,0.684375
-2.75,0.129296875,0.7000
-2.25,0.1712890625,0.6375
-2,0.115625,0.66875
0,0,0
0,0,0
0,0,0
0,0,0
0,0,0
0,0,0
0,0,0
0,0,0
0,0,0