logRenyiAlpha,probTest,decoy_1
-3.875,0.0431640625,0.975
-3.75,0.0568359375,0.975
-3.625,0.0626953125,0.9125
-3.5,0.075390625,0.9125
-3.375,0.0744140625,0.88125
-3.0625,0.114453125,0.88125
-3,0.114453125,0.85
-2.875,0.11640625,0.85
-2.875,0.1134765625,0.85
-2.75,0.113720703125,0.85
-2.75,0.1466796875,0.85
-2.25,0.22431640625,0.7875
-1,0.11787109375,0.35
-0.5,0.034375,0.1
-0.5,0.0021484375,0.0375
-0.5,0.126171875,0.1
0,0,0
0,0,0
0,0,0
0,0,0
0,0,0
0,0,0
0,0,0
0,0,0
0,0,0
0,0,0
