etadB,keyRateEUR
-0,0.0934935193878702
2,0.0557165897189798
4,0.0329011219343619
6,0.0192125263380455
8,0.01100043480186
10,0.00628886506739943
12,0.00349582310506327
14,0.00187430250050227
16,0.000991227631988179
18,0.000489791275197522
20,0.000237904965441863
22,0.000105971366971079
24,4.31119243983033e-05
26,1.53814006663727e-05
28,0
30,0
32,0
34,0
36,0
38,0
40,0
42,0
44,0
46,0
48,0
50,0
