etadB,keyRateEUR
-0,0.106075328860113
2,0.0655004291271335
4,0.0402552571102483
6,0.0245835240676553
8,0.0148611939851696
10,0.00891708047782201
12,0.00538736125237681
14,0.00319744284072715
16,0.00188127426928244
18,0.00108617751562567
20,0.000622625219346036
22,0.000347525626773047
24,0.000186526448443523
26,9.88159662090826e-05
28,4.88645603338805e-05
30,2.3759832259996e-05
32,1.05884875249044e-05
34,4.30915700730361e-06
36,1.53781698598946e-06
38,0
40,0
42,0
44,0
46,0
48,0
50,0
